<annotation>
	<folder>my-project-name</folder>
	<filename>Maruti car_25.jpg</filename>
	<path>/my-project-name/Maruti car_25.jpg</path>
	<source>
		<database>Unspecified</database>
	</source>
	<size>
		<width>320</width>
		<height>240</height>
		<depth>3</depth>
	</size>
	<object>
		<name>car</name>
		<pose>Unspecified</pose>
		<truncated>0</truncated>
		<difficult>0</difficult>
		<bndbox>
			<xmin>19</xmin>
			<ymin>53</ymin>
			<xmax>308</xmax>
			<ymax>202</ymax>
		</bndbox>
	</object>
</annotation>