<annotation>
	<folder>my-project-name</folder>
	<filename>Maruti car_11.jpg</filename>
	<path>/my-project-name/Maruti car_11.jpg</path>
	<source>
		<database>Unspecified</database>
	</source>
	<size>
		<width>1600</width>
		<height>900</height>
		<depth>3</depth>
	</size>
	<object>
		<name>car</name>
		<pose>Unspecified</pose>
		<truncated>0</truncated>
		<difficult>0</difficult>
		<bndbox>
			<xmin>412</xmin>
			<ymin>221</ymin>
			<xmax>1460</xmax>
			<ymax>842</ymax>
		</bndbox>
	</object>
</annotation>