<annotation>
	<folder>my-project-name</folder>
	<filename>Maruti car_21.jpg</filename>
	<path>/my-project-name/Maruti car_21.jpg</path>
	<source>
		<database>Unspecified</database>
	</source>
	<size>
		<width>360</width>
		<height>240</height>
		<depth>3</depth>
	</size>
	<object>
		<name>car</name>
		<pose>Unspecified</pose>
		<truncated>0</truncated>
		<difficult>0</difficult>
		<bndbox>
			<xmin>61</xmin>
			<ymin>44</ymin>
			<xmax>307</xmax>
			<ymax>193</ymax>
		</bndbox>
	</object>
</annotation>