<annotation>
	<folder>my-project-name</folder>
	<filename>Maruti car_27.jpg</filename>
	<path>/my-project-name/Maruti car_27.jpg</path>
	<source>
		<database>Unspecified</database>
	</source>
	<size>
		<width>600</width>
		<height>337</height>
		<depth>3</depth>
	</size>
	<object>
		<name>car</name>
		<pose>Unspecified</pose>
		<truncated>0</truncated>
		<difficult>0</difficult>
		<bndbox>
			<xmin>32</xmin>
			<ymin>6</ymin>
			<xmax>545</xmax>
			<ymax>329</ymax>
		</bndbox>
	</object>
</annotation>