<annotation>
	<folder>my-project-name</folder>
	<filename>Maruti car_35.jpg</filename>
	<path>/my-project-name/Maruti car_35.jpg</path>
	<source>
		<database>Unspecified</database>
	</source>
	<size>
		<width>660</width>
		<height>450</height>
		<depth>3</depth>
	</size>
	<object>
		<name>car</name>
		<pose>Unspecified</pose>
		<truncated>0</truncated>
		<difficult>0</difficult>
		<bndbox>
			<xmin>33</xmin>
			<ymin>22</ymin>
			<xmax>628</xmax>
			<ymax>413</ymax>
		</bndbox>
	</object>
</annotation>