<annotation>
	<folder>my-project-name</folder>
	<filename>Maruti car_30.jpg</filename>
	<path>/my-project-name/Maruti car_30.jpg</path>
	<source>
		<database>Unspecified</database>
	</source>
	<size>
		<width>1600</width>
		<height>1600</height>
		<depth>3</depth>
	</size>
	<object>
		<name>car</name>
		<pose>Unspecified</pose>
		<truncated>0</truncated>
		<difficult>0</difficult>
		<bndbox>
			<xmin>162</xmin>
			<ymin>411</ymin>
			<xmax>1411</xmax>
			<ymax>1173</ymax>
		</bndbox>
	</object>
</annotation>