<annotation>
	<folder>my-project-name</folder>
	<filename>Maruti car_29.jpg</filename>
	<path>/my-project-name/Maruti car_29.jpg</path>
	<source>
		<database>Unspecified</database>
	</source>
	<size>
		<width>630</width>
		<height>420</height>
		<depth>3</depth>
	</size>
	<object>
		<name>car</name>
		<pose>Unspecified</pose>
		<truncated>0</truncated>
		<difficult>0</difficult>
		<bndbox>
			<xmin>106</xmin>
			<ymin>124</ymin>
			<xmax>534</xmax>
			<ymax>342</ymax>
		</bndbox>
	</object>
</annotation>