<annotation>
	<folder>my-project-name</folder>
	<filename>Maruti car_10.jpg</filename>
	<path>/my-project-name/Maruti car_10.jpg</path>
	<source>
		<database>Unspecified</database>
	</source>
	<size>
		<width>1200</width>
		<height>900</height>
		<depth>3</depth>
	</size>
	<object>
		<name>car</name>
		<pose>Unspecified</pose>
		<truncated>0</truncated>
		<difficult>0</difficult>
		<bndbox>
			<xmin>297</xmin>
			<ymin>187</ymin>
			<xmax>1200</xmax>
			<ymax>782</ymax>
		</bndbox>
	</object>
</annotation>