<annotation>
	<folder>my-project-name</folder>
	<filename>Maruti car_12.jpg</filename>
	<path>/my-project-name/Maruti car_12.jpg</path>
	<source>
		<database>Unspecified</database>
	</source>
	<size>
		<width>630</width>
		<height>420</height>
		<depth>3</depth>
	</size>
	<object>
		<name>car</name>
		<pose>Unspecified</pose>
		<truncated>0</truncated>
		<difficult>0</difficult>
		<bndbox>
			<xmin>104</xmin>
			<ymin>78</ymin>
			<xmax>530</xmax>
			<ymax>344</ymax>
		</bndbox>
	</object>
</annotation>