<annotation>
	<folder>my-project-name</folder>
	<filename>Maruti car_38.jpg</filename>
	<path>/my-project-name/Maruti car_38.jpg</path>
	<source>
		<database>Unspecified</database>
	</source>
	<size>
		<width>640</width>
		<height>480</height>
		<depth>3</depth>
	</size>
	<object>
		<name>car</name>
		<pose>Unspecified</pose>
		<truncated>0</truncated>
		<difficult>0</difficult>
		<bndbox>
			<xmin>89</xmin>
			<ymin>87</ymin>
			<xmax>524</xmax>
			<ymax>363</ymax>
		</bndbox>
	</object>
</annotation>