<annotation>
	<folder>my-project-name</folder>
	<filename>Maruti car_19.jpg</filename>
	<path>/my-project-name/Maruti car_19.jpg</path>
	<source>
		<database>Unspecified</database>
	</source>
	<size>
		<width>1280</width>
		<height>720</height>
		<depth>3</depth>
	</size>
	<object>
		<name>car</name>
		<pose>Unspecified</pose>
		<truncated>0</truncated>
		<difficult>0</difficult>
		<bndbox>
			<xmin>430</xmin>
			<ymin>128</ymin>
			<xmax>1095</xmax>
			<ymax>695</ymax>
		</bndbox>
	</object>
</annotation>