<annotation>
	<folder>my-project-name</folder>
	<filename>Maruti car_31.jpg</filename>
	<path>/my-project-name/Maruti car_31.jpg</path>
	<source>
		<database>Unspecified</database>
	</source>
	<size>
		<width>900</width>
		<height>600</height>
		<depth>3</depth>
	</size>
	<object>
		<name>car</name>
		<pose>Unspecified</pose>
		<truncated>0</truncated>
		<difficult>0</difficult>
		<bndbox>
			<xmin>154</xmin>
			<ymin>241</ymin>
			<xmax>742</xmax>
			<ymax>575</ymax>
		</bndbox>
	</object>
</annotation>