<annotation>
	<folder>my-project-name</folder>
	<filename>Maruti car_39.jpg</filename>
	<path>/my-project-name/Maruti car_39.jpg</path>
	<source>
		<database>Unspecified</database>
	</source>
	<size>
		<width>930</width>
		<height>620</height>
		<depth>3</depth>
	</size>
	<object>
		<name>car</name>
		<pose>Unspecified</pose>
		<truncated>0</truncated>
		<difficult>0</difficult>
		<bndbox>
			<xmin>243</xmin>
			<ymin>186</ymin>
			<xmax>682</xmax>
			<ymax>429</ymax>
		</bndbox>
	</object>
</annotation>