<annotation>
	<folder>my-project-name</folder>
	<filename>Maruti car_18.jpg</filename>
	<path>/my-project-name/Maruti car_18.jpg</path>
	<source>
		<database>Unspecified</database>
	</source>
	<size>
		<width>621</width>
		<height>414</height>
		<depth>3</depth>
	</size>
	<object>
		<name>car</name>
		<pose>Unspecified</pose>
		<truncated>0</truncated>
		<difficult>0</difficult>
		<bndbox>
			<xmin>83</xmin>
			<ymin>30</ymin>
			<xmax>568</xmax>
			<ymax>409</ymax>
		</bndbox>
	</object>
</annotation>