<annotation>
	<folder>my-project-name</folder>
	<filename>Maruti car_28.jpg</filename>
	<path>/my-project-name/Maruti car_28.jpg</path>
	<source>
		<database>Unspecified</database>
	</source>
	<size>
		<width>1200</width>
		<height>720</height>
		<depth>3</depth>
	</size>
	<object>
		<name>car</name>
		<pose>Unspecified</pose>
		<truncated>0</truncated>
		<difficult>0</difficult>
		<bndbox>
			<xmin>3</xmin>
			<ymin>396</ymin>
			<xmax>399</xmax>
			<ymax>673</ymax>
		</bndbox>
	</object>
	<object>
		<name>car</name>
		<pose>Unspecified</pose>
		<truncated>0</truncated>
		<difficult>0</difficult>
		<bndbox>
			<xmin>293</xmin>
			<ymin>390</ymin>
			<xmax>806</xmax>
			<ymax>664</ymax>
		</bndbox>
	</object>
	<object>
		<name>car</name>
		<pose>Unspecified</pose>
		<truncated>0</truncated>
		<difficult>0</difficult>
		<bndbox>
			<xmin>722</xmin>
			<ymin>363</ymin>
			<xmax>1199</xmax>
			<ymax>669</ymax>
		</bndbox>
	</object>
</annotation>