<annotation>
	<folder>my-project-name</folder>
	<filename>Maruti car_34.jpg</filename>
	<path>/my-project-name/Maruti car_34.jpg</path>
	<source>
		<database>Unspecified</database>
	</source>
	<size>
		<width>800</width>
		<height>600</height>
		<depth>3</depth>
	</size>
	<object>
		<name>car</name>
		<pose>Unspecified</pose>
		<truncated>0</truncated>
		<difficult>0</difficult>
		<bndbox>
			<xmin>220</xmin>
			<ymin>76</ymin>
			<xmax>758</xmax>
			<ymax>560</ymax>
		</bndbox>
	</object>
	<object>
		<name>car</name>
		<pose>Unspecified</pose>
		<truncated>0</truncated>
		<difficult>0</difficult>
		<bndbox>
			<xmin>49</xmin>
			<ymin>57</ymin>
			<xmax>383</xmax>
			<ymax>271</ymax>
		</bndbox>
	</object>
</annotation>