<annotation>
	<folder>my-project-name</folder>
	<filename>Maruti car_13.jpg</filename>
	<path>/my-project-name/Maruti car_13.jpg</path>
	<source>
		<database>Unspecified</database>
	</source>
	<size>
		<width>1200</width>
		<height>675</height>
		<depth>3</depth>
	</size>
	<object>
		<name>car</name>
		<pose>Unspecified</pose>
		<truncated>0</truncated>
		<difficult>0</difficult>
		<bndbox>
			<xmin>268</xmin>
			<ymin>106</ymin>
			<xmax>1195</xmax>
			<ymax>675</ymax>
		</bndbox>
	</object>
</annotation>